{"Roraima":{"0":-61.3631922,"1":2.135138},"Piau\u00ed":{"0":-42.5043787,"1":-7.6992782},"Amazonas":{"0":-63.5185396,"1":-4.479925},"Distrito federal":{"0":-47.7970891,"1":-15.7754462},"Acre":{"0":35.0822866261,"1":32.91484145},"Par\u00e1":{"0":-52.8973006,"1":-4.7493933},"Rio grande do sul":{"0":-53.7680577,"1":-29.8425284},"Cear\u00e1":{"0":-39.7156073,"1":-5.3264703},"Maranh\u00e3o":{"0":-45.3930262,"1":-5.2085503},"Alagoas":{"0":-36.6502426,"1":-9.6611661},"Esp\u00edrito santo":{"0":-40.1721991,"1":-19.5687682},"Goi\u00e1s":{"0":-50.1392928,"1":-15.9323662},"Pernambuco":{"0":-37.5919699,"1":-8.4116316},"Mato grosso":{"0":-55.5716547,"1":-12.2115009},"Minas gerais":{"0":-44.1588654,"1":-18.5264844},"S\u00e3o paulo":{"0":-46.6333824,"1":-23.5506507},"Bahia":{"0":-41.9294776,"1":-12.285251},"Rio de janeiro":{"0":-43.2093727,"1":-22.9110137},"Sergipe":{"0":-37.3773519,"1":-10.6743911},"Para\u00edba":{"0":-36.7246845,"1":-7.1219366},"Rond\u00f4nia":{"0":-62.8277863,"1":-10.943145},"Santa catarina":{"0":-51.114965,"1":-27.0628367},"Amap\u00e1":{"0":-51.9161977,"1":1.3545442},"Rio grande do norte":{"0":-36.4781776,"1":-5.6781175},"Tocantins":{"0":-48.3716912,"1":-10.8855129},"Paran\u00e1":{"0":-51.8148872,"1":-24.4842187},"Mato grosso do sul":{"0":-54.4794731,"1":-19.5852564},"Estonia":{"0":25.3319078,"1":58.7523778},"Cuba":{"0":-80.8328748,"1":23.0131338},"Kyrgyzstan":{"0":74.724091,"1":41.5089324},"Trinidad and tobago":{"0":-60.9821067,"1":10.8677845},"Ukraine":{"0":31.2718321,"1":49.4871968},"Tunisia":{"0":9.400138,"1":33.8439408},"Cura\u00e7ao":{"0":-68.9640875031,"1":12.1845},"Virgin islands (british)":{"0":-64.5661642,"1":18.4024395},"Papua new guinea":{"0":144.2489081,"1":-5.6816069},"Guinea":{"0":-10.7083587,"1":10.7226226},"Rwanda":{"0":30.0644358,"1":-1.9646631},"Faroe islands":{"0":-7.0322972,"1":62.0448724},"C\u00f4te d'ivoire":{"0":-5.5679458,"1":7.9897371},"French polynesia":{"0":-146.049093106,"1":-16.03442485},"Armenia":{"0":44.6736646,"1":40.7696272},"Honduras":{"0":-86.0755145,"1":15.2572432},"Greenland":{"0":-42.8125967,"1":77.6192349},"Congo, democratic republic of the":{"0":15.2830399059,"1":-4.27250705},"Kosovo":{"0":20.9021231,"1":42.5869578},"Aruba":{"0":-69.9618475,"1":12.5013629},"North macedonia":{"0":21.7168387,"1":41.6171214},"Algeria":{"0":2.9999825,"1":28.0000272},"Poland":{"0":19.134422,"1":52.215933},"Kazakhstan":{"0":65.2093197,"1":47.2286086},"Argentina":{"0":-64.9672817,"1":-34.9964963},"China":{"0":104.999927,"1":35.000074},"Hungary":{"0":19.5060937,"1":47.1817585},"Lao people's democratic republic":{"0":103.378253,"1":20.0171109},"Iceland":{"0":-18.1059013,"1":64.9841821},"Saudi arabia":{"0":42.3528328,"1":25.6242618},"Liberia":{"0":-9.3658524,"1":5.7499721},"Colombia":{"0":-73.783892,"1":2.8894434},"Guernsey":{"0":-2.5290434448,"1":49.5795202},"Kenya":{"0":38.4313975,"1":1.4419683},"Afghanistan":{"0":66.2385139,"1":33.7680065},"Ghana":{"0":-1.0800271,"1":8.0300284},"Guatemala":{"0":-89.8988087,"1":15.6356088},"Zambia":{"0":27.5599164,"1":-14.5186239},"Cambodia":{"0":104.869423,"1":13.5066394},"Angola":{"0":17.5691241,"1":-11.8775768},"Djibouti":{"0":42.8453061,"1":11.8145966},"Namibia":{"0":17.3231107,"1":-23.2335499},"Jamaica":{"0":-77.159845461,"1":18.1152958},"United states of america":{"0":-100.4458825,"1":39.7837304},"Saint vincent and the grenadines":{"0":-61.2765569,"1":12.90447},"Equatorial guinea":{"0":10.5170357,"1":1.613172},"Montserrat":{"0":-62.1916844,"1":16.7417041},"Cases on an international conveyance japan":{"0":null,"1":null},"Bermuda":{"0":-64.7603583,"1":32.3018217},"Madagascar":{"0":46.4416422,"1":-18.9249604},"Grenada":{"0":-61.6904045,"1":12.1360374},"Montenegro":{"0":19.5180992,"1":42.9868853},"Cyprus":{"0":33.1451285,"1":34.9823018},"El salvador":{"0":-88.9140683,"1":13.8000382},"Gabon":{"0":11.6899699,"1":-0.8999695},"Ecuador":{"0":-79.3666965,"1":-1.3397668},"Libya":{"0":18.1236723,"1":26.8234472},"Nigeria":{"0":7.9999721,"1":9.6000359},"Saint kitts and nevis":{"0":-62.6725973,"1":17.250512},"Korea, republic of":{"0":127.6961188,"1":36.638392},"Malaysia":{"0":102.2656823,"1":4.5693754},"Senegal":{"0":-14.4529612,"1":14.4750607},"Oman":{"0":57.0036901,"1":21.0000287},"Panama":{"0":-81.1308434,"1":8.559559},"Switzerland":{"0":8.2319736,"1":46.7985624},"Czechia":{"0":15.4749544,"1":49.8167003},"Tanzania, united republic of":{"0":35.7878438,"1":-6.5247123},"Virgin islands (u.s.)":{"0":null,"1":null},"Nepal":{"0":84.0917139,"1":28.1083929},"Gibraltar":{"0":-5.3352771835,"1":36.10674695},"Guam":{"0":144.7575510297,"1":13.4501257},"Australia":{"0":134.755,"1":-24.7761086},"Cameroon":{"0":13.1535811,"1":4.6125522},"Leste":{"0":4.3873058,"1":45.4401467},"Turkey":{"0":34.9249653,"1":38.9597594},"Monaco":{"0":7.4276832,"1":43.7323492},"Benin":{"0":2.2584408,"1":9.5293472},"Mozambique":{"0":34.9144977,"1":-19.302233},"Brazil":{"0":-53.2,"1":-10.3333333},"New caledonia":{"0":164.5566058308,"1":-20.4542886},"Andorra":{"0":1.5732033,"1":42.5407167},"Greece":{"0":21.9877132,"1":38.9953683},"Seychelles":{"0":55.4540146,"1":-4.6574977},"Sweden":{"0":14.5208584,"1":59.6749712},"Venezuela (bolivarian republic of)":{"0":-66.1109318,"1":8.0018709},"Central african republic":{"0":19.9981227,"1":7.0323598},"Belgium":{"0":4.6667145,"1":50.6402809},"Taiwan, province of china":{"0":119.640032,"1":23.5593211},"Costa rica":{"0":-84.0739102,"1":10.2735633},"Haiti":{"0":-72.3570972,"1":19.1399952},"Nicaragua":{"0":-85.2936911,"1":12.6090157},"Iran (islamic republic of)":{"0":54.5643516,"1":32.6475314},"Myanmar":{"0":95.9999652,"1":17.1750495},"San marino":{"0":12.458306,"1":43.9458623},"Maldives":{"0":73.3287853,"1":4.7064352},"Somalia":{"0":49.083416,"1":8.3676771},"Israel":{"0":34.8667654,"1":31.5313113},"Latvia":{"0":24.7537645,"1":56.8406494},"Sudan":{"0":29.4917691,"1":14.5844444},"Uganda":{"0":32.2166578,"1":1.5333554},"Austria":{"0":13.199959,"1":47.2000338},"Bissau":{"0":-15.583055,"1":11.861324},"Serbia":{"0":21.0765743321,"1":44.02432285},"Mali":{"0":-2.2900239,"1":16.3700359},"Suriname":{"0":-56.0771187,"1":4.1413025},"Bangladesh":{"0":90.2932426,"1":24.4768783},"Burkina faso":{"0":-1.6880314,"1":12.0753083},"Thailand":{"0":100.83273,"1":14.8971921},"Cabo verde":{"0":-24.0083947,"1":16.0000552},"Kuwait":{"0":47.4979476,"1":29.2733964},"South africa":{"0":24.991639,"1":-28.8166236},"Dominica":{"0":-70.3028026,"1":19.0974031},"France":{"0":1.8883335,"1":46.603354},"Spain":{"0":-4.8380649,"1":39.3262345},"Russian federation":{"0":97.7453061,"1":64.6863136},"Holy see":{"0":-77.0657273269,"1":38.9247244},"Mauritius":{"0":57.5703566,"1":-20.2759451},"Portugal":{"0":-7.8896263,"1":40.0332629},"Eswatini":{"0":31.3991317,"1":-26.5624806},"Turks and caicos islands":{"0":-71.6201783,"1":21.7214683},"Paraguay":{"0":-58.1693445,"1":-23.3165935},"Mongolia":{"0":103.8499736,"1":46.8250388},"Bahrain":{"0":50.5344606,"1":26.1551249},"Luxembourg":{"0":6.1296751,"1":49.8158683},"Guyana":{"0":-58.6416891,"1":4.8417097},"Syrian arab republic":{"0":39.0494106,"1":34.6401861},"Bolivia (plurinational state of)":{"0":-64.9912286,"1":-17.0568696},"Canada":{"0":-107.9917071,"1":61.0666922},"United arab emirates":{"0":53.9994829,"1":24.0002488},"Anguilla":{"0":-63.0750234,"1":18.1954947},"Azerbaijan":{"0":47.7872508,"1":40.3936294},"Qatar":{"0":51.2295295,"1":25.3336984},"Viet nam":{"0":108.4265113,"1":13.2904027},"Bhutan":{"0":90.5119273,"1":27.549511},"Germany":{"0":10.4234469,"1":51.0834196},"United kingdom":{"0":-3.2765753,"1":54.7023545},"Cayman islands":{"0":-80.5667132,"1":19.5417212},"Puerto rico":{"0":-66.4132817951,"1":18.2214149},"Gambia":{"0":-15.4900464,"1":13.470062},"Togo":{"0":1.0199765,"1":8.7800265},"Sri lanka":{"0":80.7137847,"1":7.5554942},"Bulgaria":{"0":25.4856617,"1":42.6073975},"Mauritania":{"0":-9.2399263,"1":20.2540382},"Pakistan":{"0":71.247499,"1":30.3308401},"Jordan":{"0":36.941628,"1":31.1667049},"Fiji":{"0":179.0122737,"1":-18.1239696},"Croatia":{"0":17.0118954,"1":45.5643442},"Niger":{"0":9.3238432,